itemID,userID,pred
443,1549632,4.192552297014674
2104,428488,4.276587688967134
9410,2069695,3.0260971247661725
4005,128311,2.2026494989931455
16770,2037731,4.16690184862891
4847,316006,2.748709577450992
8596,2601377,4.0638880634652494
10747,2558018,3.441855590293883
3418,849966,4.324582334150787
3638,1019317,2.9304000556733607
5814,827096,3.2978990617979465
15529,201633,3.546597349208652
5342,1790903,2.526948244070797
712,2570444,3.5673458937812956
14712,1147641,3.0967240225767734
2290,1642678,4.509716413884026
7067,2321519,2.4413785059583373
15529,1981464,3.2712533635650125
10429,1391246,3.737367023967985
14505,2021943,3.5901401352393814
16788,1330669,3.3004624981834843
9028,1079253,3.8979374448472064
6291,1558286,2.770864966178707
11812,49142,4.457523547956413
2342,1521864,3.6330766226551097
11812,1909349,4.903800200510226
3326,2038372,2.65869606832287
1744,1500,3.8802675769362946
12280,297100,4.224157142347531
28,2136480,3.89926988205264
2342,2491272,3.98214552974815
16147,2289748,4.090486254753776
15582,324475,4.107069036464608
11182,2570079,3.7894961857690617
2342,2287699,3.632558159783865
9689,1423956,4.157911742178181
10747,2178143,3.0524782296533335
6482,202002,2.6295066075215443
5342,796093,2.65439460853945
10947,337186,3.9898946218668385
16705,277223,2.8789154413246134
16082,940016,3.888936928902515
16286,2640278,3.9568276650162115
16970,1597459,3.1561376815984157
10429,2629127,3.202446117977627
11638,1584985,3.513770194609829
6287,2344229,4.0115723614254835
11775,2284436,3.6178417659354545
723,507167,3.124372558489478
3541,1622407,3.102735162745584
2036,782522,3.260300701723815
12180,2569199,4.176321498070535
11888,1961168,3.0997794570689248
13614,779945,4.4242910293920525
15183,1553532,4.816323990367141
5760,325073,4.048945896507431
2757,530763,4.473989468699032
8428,848655,4.095290915430989
12280,890668,3.7355423612359875
9256,2198341,3.0854179456610424
9131,2295875,3.013748726164477
16784,1471913,2.8140859052916682
5326,853893,3.838531771884111
3733,1796588,4.230238541641225
6971,2420844,4.3554151681314845
681,479924,4.089426753462444
15830,2247045,3.174403922765234
398,669274,2.1952091262315685
17574,1072072,2.5473511477534374
1832,1869907,3.9137098486683737
10082,1832243,3.1417453840534124
5727,1010609,3.0535931498103728
12293,1436357,3.736216175997779
8851,401206,3.7493747558196726
3232,2444240,3.227227512722044
4847,1702035,4.416224717963879
6287,1663782,4.624514888825379
15409,622214,3.374312052365024
11837,2591100,3.1428514527308864
3538,2548965,3.189586311257611
16262,167410,3.3063053859450444
11837,2581379,3.2791159202259403
13288,2467814,2.6828248630931206
7736,1379159,5.0
4432,533160,2.7135944618982197
4640,1238762,4.382015570244019
11732,2409822,3.14231009098148
1884,1029163,2.347906244123618
3541,557801,3.73850203327292
14648,1221563,4.412088369612006
7511,1059789,3.610837552122154
9946,1890622,3.677439354868738
9728,453217,3.8935041604138902
3903,1779903,2.9689782331819656
9946,933207,4.5677481831937365
14484,456367,3.5182717924275773
11651,2323957,3.2698424020582766
3253,2341581,2.6109213737779475
3538,1281639,3.384473673756184
3541,1400870,3.2968879757665426
3538,998142,2.429392238221704
13787,133690,3.2516214572706263
13015,853170,3.8820958441922
12243,2392770,3.846698752866358
5814,2218750,3.492826609339748
4847,307154,3.7802349273262155
10733,2180413,3.044989531699737
6408,1153186,3.08435962080581
2168,2241291,4.8727016640459055
10835,122503,3.149781268098259
3541,576763,4.284159792102812
851,2186270,3.8441697957004406
8825,2449919,4.115006255393548
8428,2186231,3.7045690146802763
4640,1292165,3.9220321563093035
17324,641739,4.694765909843141
17725,1965257,3.6742794183615195
11496,824540,2.8445874288330595
12292,1389725,3.069662918084237
4640,1387099,4.437429114686704
4986,647979,1.6654830787804626
3355,271419,3.9830989998953643
9689,1731823,4.561549822869573
13015,55675,3.7500076205763158
11307,2365141,3.014417542853937
3232,2602249,3.2539337804932016
5656,1977244,5.0
12795,42072,3.050207538341776
15496,1220170,2.5123530531095986
10734,2629765,3.449276761146336
14407,807988,3.213542354141873
9728,2319265,3.0396584008588983
16733,1391691,3.6407776254218813
14484,2132962,2.5807757454759614
4064,1629176,3.311222112104778
16606,1310748,3.415947490354101
14185,606144,3.62110580548623
8384,1158474,2.5761655485356396
4932,1763653,3.1212251677521237
4586,2587909,3.4214907623104835
3538,733245,4.440622418358827
6911,1287939,3.0921688499512614
9528,879221,3.555580587061534
13748,730649,3.305515595907069
992,731988,3.487491069275443
1305,1339269,2.9642290377691976
15410,244266,3.321039282537585
12232,1561388,3.1886999866418497
6482,2309300,4.0440441490684735
3290,688051,4.476048410858418
10747,361375,3.9466288239519662
3824,2332259,1.9114721143075126
6971,374741,4.047962484620259
14137,1523788,2.192202254575768
14506,1660196,4.921502744247436
13451,395747,3.3392206319859987
5326,518137,4.263011962661811
3165,1897386,3.2887676373291503
16286,1715651,3.912228587998295
3890,545158,2.95894683991525
8596,1084999,3.849750976172955
3151,1528122,3.4110612172306145
3824,94321,3.856950416075871
9518,2585665,1.488746460750081
5562,2530263,4.668495382509726
2757,1772284,3.429707659176396
16770,1182659,3.0064413535042975
11888,826871,3.4725892734547057
2866,2535930,3.2103258894172697
6971,1409469,3.520726541676244
2103,292205,3.6394989408269285
14199,766670,2.938501250774204
6228,469021,3.425199906162379
17104,1339514,3.8372551508982156
6085,205302,4.101294999682918
4640,2438413,3.942433761288294
14272,1578594,3.7520450041054203
11837,334563,3.1973316855475127
16082,2105033,3.1806295131473385
3733,2127108,3.393097827338445
17725,559622,3.271867344929664
15662,774088,4.191350760488514
14712,2483353,2.951737161184919
11673,1617382,2.351347691206912
2492,1264021,3.07717026003059
11829,2451907,3.8055006248193832
4586,1183553,1.7660997991815728
1615,2465070,3.8940055226281025
14185,803945,3.6821481017798265
14712,2496629,2.8665651502939262
8851,1662658,3.961346041254701
15071,1010370,3.340946111767385
11908,1181089,4.478479844266225
7148,1400108,3.2763748173911806
5760,2503255,4.570464951552197
17324,38284,2.955142099078137
14712,2417642,2.157855101431559
851,416536,3.687034595764537
17358,1107099,3.5830454003753727
3274,282887,3.345148086845523
3355,1482441,4.123036797980562
13614,1860673,3.7194716204255784
10774,1600196,2.8932342216891773
15582,544329,2.8252904289040917
9028,930710,3.921609790254604
16970,278056,3.472947494491902
11837,1717532,3.742540868558383
14457,1220571,3.253799006756764
16506,408645,3.2715120864677627
14209,214501,3.837841031140966
6482,738725,3.215524065116386
5327,924421,4.34635939073436
14283,1414980,4.637921576812265
13015,621274,4.194800535524044
9681,488267,3.90155687011551
3740,1043112,2.940103679434931
3541,361778,4.016830087269522
11182,937245,3.5344867123303216
16329,207846,3.8152826873437573
13614,303643,3.1604717066798846
6013,1611206,2.8585876370885592
4963,345657,3.519061675902625
16733,1542002,3.91447011464291
9728,1220431,3.4910282345393906
2290,413125,4.613555528569973
12275,2173592,2.6293789780322925
3274,1744889,2.9058972574129363
2043,2020775,3.373588409818274
15610,1580917,2.278224384998554
6971,2256731,4.128062062880235
8915,2184768,4.191747532954209
3253,1645535,4.0907258170088925
13748,710207,2.5932058714065747
8315,1101737,3.855179375949261
13748,1257336,2.699582332789536
10733,836050,3.240798814607398
15836,2214837,3.2951943902425302
13451,2469021,3.3834409839822936
6014,1988735,3.1602446183112156
15816,2000237,4.1492120898134495
13633,1639792,1.202465250419109
16169,1696308,3.900125355946805
15532,1146038,2.7604933535360625
16169,2519114,2.422789655403129
127,1484157,1.9343968349594771
13298,2513903,4.083229594943225
4432,2090127,4.105128235779908
17338,1478117,3.249659076706606
8915,2130443,4.331988939920132
16286,1650580,3.135331194752188
11888,1125171,4.228186626303167
14199,2432362,3.5423495435946064
10428,621244,4.079793726459422
4685,46650,2.980048448901403
8915,622714,3.4589719684507823
12232,177770,3.113301958402916
4432,142909,4.344208229679818
6336,399533,3.4943814076686817
3944,15846,3.3800734431888215
3862,2097185,2.4916573875045964
15475,45392,4.487838243989068
2284,942769,2.8653556032538794
3538,2622076,2.2350792904856074
12472,205752,2.9311575657534807
3824,1484680,3.4390929002101087
10712,1435555,2.367072184108456
16444,672941,3.2953819002247506
12280,525666,3.0457645242560702
17558,1521075,2.7792034133053862
3893,657521,3.7240402978893634
16147,1646699,4.5427912049479815
5607,1575939,4.451277884692431
12778,1098765,3.983629428012565
10835,2185062,3.3177772124692706
3418,2332943,3.865822441104802
16082,996577,3.2548675915538943
11812,1360072,4.20422904080264
9518,754724,2.1135031166083076
4761,2498386,4.585882283683244
6408,910059,3.7838642683965644
4685,1107858,2.203464363359419
4902,1169550,3.728956573040415
16788,2540684,3.2426760137603208
11638,2222089,2.747176791953243
15836,2347755,4.306784709194474
7899,2105371,2.68437316204755
3590,338723,4.352553326888043
14209,1820855,3.387418892921562
5814,159649,3.4494083507589695
6482,1635523,3.5675993179664
15234,223043,3.6786000703204658
4064,2328701,4.439313144292335
4640,35036,3.580248781125198
9528,505449,4.131932767380199
1832,978983,3.204353278729126
2913,1788268,3.5934018410809574
1744,2190401,4.262844590829024
9130,300720,3.0329652306516657
14459,1002524,3.229120947756601
1406,1419370,3.1428276417508356
6912,1135948,3.2345848021707035
9518,299489,2.3527745686264896
6556,821738,3.399105588649423
13651,86051,4.253283708355793
6482,374380,3.6894164497318287
5336,2541025,1.0
6287,776618,3.908218973003117
6971,554424,4.4749448865756465
10082,601317,2.5081276522666207
16344,1778599,2.592214342755764
4640,1184662,4.261569973394628
2104,228167,2.07021708250113
1046,488119,2.44650243685721
4049,1119859,4.160666223620996
9550,102092,1.8849244800142522
17104,960208,3.2348737686803237
7517,571263,3.398519838803719
11775,451962,3.171290824725818
3165,1229067,3.5172545194551494
3084,2005241,3.544052840074942
8107,1990271,4.392319103929711
16906,504296,2.640362102796704
2675,953604,1.4031409299290782
13636,1755612,3.6815012531506217
4432,894232,3.721657298126897
15982,1603774,4.022484923004017
13451,2320177,3.0716091560521632
15033,162756,4.290415611794558
11182,1296127,3.1606312059172175
4849,1407104,3.2717950736411687
14484,2015597,3.9999262527847623
13651,487443,3.2472033748458693
8867,2366006,2.000720522331749
12497,851262,3.049755158662741
1367,1727193,3.004866325190019
14712,2171089,2.7834037642811853
9728,516721,4.525366376530771
13614,661571,3.600357467341748
1406,1629446,2.798637913243814
6971,1510655,4.510480913139647
14072,2347755,3.986287952205354
10757,2152465,3.9965090413205995
723,2437021,3.81917567496806
11182,982661,3.8340400076195698
9747,491531,3.088634667483807
12232,1570868,2.9343923223544475
6988,2445470,3.754721678854761
16169,708226,2.944075484859224
10662,860589,5.0
7577,712361,4.325543765549272
13614,200734,4.660576648754361
17558,1208622,3.4861473586149545
13015,2200675,3.803005560765296
12778,2242468,3.3058645558447464
16572,611083,3.2262125547636393
15962,235253,3.632012899080977
3638,779635,2.8493062771065207
4432,1606812,3.5198598353616406
6230,1993625,2.6178790848550735
3541,477938,3.88982817254165
4847,2085613,4.221157100162616
3135,1519692,3.570890819751007
8512,805343,3.014020029962253
10947,2481333,4.124232551740436
2643,704117,4.0179538738900655
15532,37188,3.4296587168389574
8915,2119555,4.528574534892847
10747,13432,4.026047175304188
4005,2487916,4.606112092515371
13107,609087,3.8450296116871834
4586,2381076,3.789273958640182
10889,1055289,3.059055370421276
6336,455024,2.857712399749918
1851,2101921,2.8542149052133183
12293,2220847,4.009334534311568
3355,1367949,3.1865504611817035
361,734458,3.355523130713214
14712,214254,3.9000643971347677
11888,2060067,3.465403976656552
13787,228194,3.8008055633107203
10921,1892097,4.667110568250038
11614,2396324,2.844682143547159
12875,1442105,3.1538627330442095
12778,2537089,2.5009538144695505
1615,1637615,2.4826071857591785
16784,1664442,3.261863451914107
13748,1761955,2.95536649427919
5814,1765734,2.9822900054524344
6085,2418129,4.136041415076519
638,2495459,2.521151533027635
4546,682963,3.2242822903629995
6287,1344394,4.439772435096693
638,2170930,1.2954146900330419
16931,64059,3.378039780621091
13199,2355625,2.712883834252137
8889,2542967,3.199389880787147
14137,2102669,2.3266904308626914
2528,1625109,3.243105102008507
6085,2252455,3.9812114323168672
5814,1021435,3.0675860221785607
10757,1401922,3.927295401024683
10104,1836124,3.3996233005258376
5327,1661344,4.265416838035617
1202,1581512,3.321232524683963
15955,1733406,3.2992446206659394
12280,1484680,3.843178664841992
16286,246980,3.615338553756508
15582,2389729,3.417912100635135
16948,1680230,2.8178610679912977
3274,1339269,3.0616745813814203
13614,818025,4.541488083002036
12682,1003874,3.4245017945083314
10835,982026,3.0022409832990093
11888,596185,3.732981076416518
8512,717137,3.0107773666216806
9550,1811832,2.5744294273850747
7991,242896,3.9197169462099493
1983,2188950,3.074489353928316
11292,1213178,3.32406500459204
4076,2083367,3.081172845303737
16606,1290669,3.4282329828325993
14738,924739,3.105505021141206
13787,921064,4.059792732664861
1202,258840,3.999440984081987
16022,2130480,4.183226837995091
1615,342330,3.798127480520869
8915,710933,3.8163571588530703
10429,903799,4.307655548209626
5562,2213581,3.8171895720573277
16970,295520,2.879163008447858
6408,1514717,3.786558419495616
5220,2213534,2.54035093394623
15378,1958984,3.7087975968041746
8915,690754,3.3817637249290797
6287,52263,3.665436073874144
16286,1606064,3.367842807237009
9798,2344669,3.1607422033724357
5760,1470972,4.431422560255421
3165,2497991,2.7884358867680668
11673,1370787,3.677023264944754
2104,1306304,2.435819571126358
12280,364739,3.288635240064937
4847,709536,3.922673031352445
1845,2056635,2.147788591235911
16286,1800808,3.6266729171834444
2913,1252460,4.483702272102915
13651,2376306,3.357403249204413
9946,1913241,3.826547634208084
9617,504630,3.316135808229851
12639,2241897,3.339780505529519
10429,2497164,2.934584136410838
16606,1336875,3.2673642166440895
1615,469152,3.4721548358150924
3538,198813,4.409226822157742
5963,1805888,4.588539881538043
111,373990,3.038440740445991
2430,137065,4.520634831606237
15712,1721134,2.759016310917493
1305,2469324,3.3577291536372638
4042,1420308,3.3960782315475986
11496,2575175,2.530674886359816
3538,1343658,1.8665596462301624
14248,1669420,3.799980257467648
1615,1897824,4.3352898621599705
1202,2120864,4.109129838403261
3290,602084,4.512721494667564
14484,2298501,3.1748880251272835
12293,876477,4.5969066665627025
15955,2001061,3.4916173132365897
13298,1280149,2.531252495765335
6408,1814832,3.7426542584700617
1046,1715651,3.8000335545741386
911,2479015,3.2144246601552404
17536,962019,2.037920418735609
3538,2315006,2.9322539484531376
13936,877320,3.392812235552394
16707,949121,3.785118029300758
9946,977932,4.9355154807521275
14738,2202365,3.547513374401333
13614,2200358,4.157517219780352
3355,1970267,3.7376024167955637
12355,660821,3.111062548605076
5327,1586184,3.597717000439047
15582,810392,3.5493638250056416
7518,149575,2.9415624349740677
3903,1964767,4.2414122859005685
12243,1430108,3.1256153486768072
8107,2596383,3.0297431873498772
7544,622453,2.5395835723523565
8851,1191308,4.242009109473115
5760,1327900,4.611815094913168
12243,1955408,2.432530792340158
11286,407037,2.0699375874089028
9798,915103,2.9027566189655065
15516,940806,3.4918191099651925
4627,521315,3.2988090202985374
11376,1287451,3.489892877463609
2954,1199611,4.276802778328748
6556,2049057,3.758151196053077
1430,327821,2.7392920032157235
13636,2279742,4.086722161757919
9528,1150431,4.670429651697012
14088,1367596,2.833426979281598
8072,1040475,3.4704571202693346
12391,1567783,3.7115027153872004
28,657550,4.1633138343460985
3192,1478875,2.4151192771513164
6971,2394024,4.929212090413851
9087,887729,2.157934421634341
907,1190829,3.576236363230686
14648,587142,3.8025654854232607
10734,2472771,3.296971398671198
14484,1644346,2.9509212081805094
13298,1553659,4.091114300019306
6287,675616,3.238040698027799
13614,2150095,3.965361235549684
12661,1582575,3.6472417228256875
15712,981504,3.2911141564812825
111,750263,2.8552248408763266
11182,1364473,3.164562200395418
5069,2173870,2.24566034876949
5369,555841,3.936129328442487
5069,450423,3.5417522642948667
14317,70721,2.7116400029091112
15532,668855,3.3581270599568707
12232,2553627,4.022120112864748
12639,1655237,2.7586811580576502
15992,2136912,3.2074157045318596
12682,411537,3.1826521164861363
17324,2273448,3.9542793100168554
15246,1879369,3.896466665962962
6971,360923,4.38147851513223
2528,1955660,2.9301257179960762
15532,1603022,4.100322994746999
1615,715339,3.1058569434643823
11638,45656,2.6146019217803937
636,608051,4.216192957401949
13565,2373330,3.0097779904199933
7067,1295097,3.3697646909412757
1744,216059,3.145249834339258
14234,2086515,4.045549268245745
14484,2556552,2.708474801340861
4640,247999,4.37206213680491
7544,1741126,3.0785954752561375
15246,976064,3.5792436672231456
11080,456367,2.927983564673972
11080,1356861,2.9358127376963163
16169,1892218,2.7820046343103777
7991,2349702,3.6815795591754537
13565,657712,2.674778961508228
6287,1659679,3.8281331083715227
17411,165595,3.3844832228853576
7899,1631874,3.4122267616423856
3418,316131,3.993095715100682
15160,2413320,3.6171062898925115
10080,642563,4.152713813537197
16707,50264,3.852136100514247
2601,1345929,3.9103257225035897
13298,374380,3.1878317852552134
28,1713873,4.273908251195925
16731,1992636,3.247510125366629
723,406375,1.765394552170469
4640,1715522,3.767560374912053
3862,2484944,3.220408934812907
12232,531010,3.32950420942477
7571,1270144,3.18860270798148
2731,718894,2.3526331509586433
10712,2646347,2.855674562944757
127,1024350,2.0175302119664233
6971,1031887,3.880913009530602
15582,2141136,4.268008908328056
13451,1429738,3.54588355032546
7067,32902,2.344387554175697
11837,2512828,1.8979302882929945
1289,1021618,3.03337386184314
13636,1264611,3.325513915174986
16707,291097,3.3535760507383636
9717,2091892,2.945496806928196
5206,2470555,3.383384475815551
1123,1389990,3.5566084427330757
11837,1624075,3.0912107396364323
5699,2297654,3.4895202986900697
10662,1385728,4.273035971004492
5025,315785,3.673447430319981
14457,621880,3.3820831046159823
4902,451011,3.039600163778625
6523,659285,3.35706033076029
11775,2038137,3.461998466391851
2866,1587431,3.5047566060789146
14185,1832953,4.011292901275141
15576,1391837,4.000228405742784
16286,1311777,3.252041212057745
7698,2556305,3.0167573192396357
6281,2178143,3.632204290675741
5727,1756501,3.891623597346348
17558,1644686,2.7417999133042885
3418,2402945,2.9528560632183947
4761,701962,3.0945975910523575
4640,750646,3.5128947470312912
4847,1969947,4.348198828560011
2251,2563546,3.2778229355888215
2042,1664010,4.243952921617789
4441,2410819,3.296754250952997
12184,2308589,4.033485695146868
2104,299043,4.011931831100577
6281,1217643,3.9738622266300268
6556,2640656,3.967504376817387
12292,560086,3.07314407384489
3135,2579163,3.9297543360747205
3290,1774943,4.904370319373895
1202,237278,3.145204754232419
3069,1076056,3.812249717037636
14716,2257122,4.610177646521698
111,2473781,2.9080282729280436
5897,1288244,2.8353346475459187
16329,2315691,3.4404629083888585
1425,2054068,4.117875092994198
14320,2011258,4.326570598584657
16948,1633016,2.182410292178455
12293,1660662,4.169757553147059
7067,1163948,2.80505069696063
1100,1728891,2.6460281972450295
14209,1486389,4.5639455083578975
11613,89800,3.5989088650645016
5814,2537745,2.8791381814696204
15955,524907,3.469062588932485
13636,1906026,3.7746710974174476
16169,1326994,1.8833026567979005
16444,636262,2.943434833209779
3290,1558286,3.916924950000988
6190,2365876,3.7230976061460535
13614,1235033,3.8069423185702935
4847,2371144,4.735813207511474
1202,1649034,4.072717620383508
10428,119624,3.613528176288388
3638,1406872,3.742610596550352
16869,1652073,3.4231372048719786
13614,1517010,4.893061133238012
8107,785992,3.56452965994492
2430,1438498,3.256200110117313
1289,1446497,1.7828095020375319
15662,2593882,3.1466006694991706
14484,1500479,3.21078301134307
8596,986631,4.593215350543422
12355,19106,2.3936427625212384
6408,118036,3.953795964273484
14198,2478364,4.841482200593549
1744,2575943,3.297944742653231
13107,2012582,3.5154700025485184
4640,1501327,4.832995506820015
13561,1251454,3.8025030258678734
11812,403671,3.4061008662980323
6523,1659398,3.3335750027986357
3151,1498712,2.77084262329163
8107,1171469,3.7572217323771766
5069,1349711,3.2415976151032186
6287,452001,5.0
15234,1159968,3.391168426836615
11158,137602,2.618769125153815
13015,360005,3.3518994287440846
916,2060998,3.5200446444399685
13638,1685077,3.2778264855159
10747,2527066,4.334368168683885
2290,1536121,4.529965442687016
1744,2556700,3.4772215154399864
1202,169281,3.49445804338379
3638,1843690,4.088017365599857
4432,706282,4.098851533067787
11851,1475516,4.374751835482944
13651,2489480,3.177741704218032
7516,1945863,4.164118196668021
8677,1456369,4.5578391829582445
10947,1083688,4.286850151367852
7571,875855,2.734046666058754
5727,2472771,3.123489387932645
14484,921684,2.04175001990656
10019,1821855,3.0513501217526624
7145,2199237,3.1154673406057145
16707,1519265,3.4101343626373297
6190,1371451,3.807680647809431
12280,235851,4.351183908903822
2660,443572,4.527884200785247
10734,2029320,3.9594069484479544
12391,1158474,3.6789500534327924
9612,976668,3.5830740450289706
2212,2444953,4.045589831908811
443,2035049,3.753275694686092
9728,2578120,3.5099969084604634
14209,1464164,4.0973227513904025
13651,712419,3.4885179036328897
8493,1848945,3.1644726818986353
10712,1858421,2.388441150670038
11025,682169,3.642933526213442
14199,2596673,4.0032528772348135
2028,1949220,2.909531864523996
2212,2041533,4.295958246870496
6556,825779,3.9823614366141666
7517,1565082,3.384391596462274
12232,1894853,4.233380847950112
11614,652324,2.9522010415704925
3285,2616878,3.631338418009517
17324,2502336,4.71974458281855
1425,214986,3.2812563733393025
17174,2243435,2.690388591618144
4849,79999,3.355567279940019
9087,501068,3.2780587144182283
12482,671071,1.4635091188368203
16948,2444087,3.883917506038097
14137,935453,3.7079148362802448
10747,2272654,3.333693154885897
12280,204675,4.140573123589469
10428,2412555,4.043201778604148
3290,2469021,4.232733182442807
10774,2355771,3.504456634259586
1845,1168926,3.1027735434164874
11837,2533515,3.1407031351203676
2757,716173,4.710263709397443
12795,709542,3.12210198089655
8107,1710237,4.6128624570309835
7607,734448,3.4941049884166953
5814,2606279,2.349018087805557
5651,1892183,3.809919188500086
5425,937361,2.7166598044258388
4640,2051329,4.472431669131753
10721,35528,4.033673041935767
6287,1586695,3.1137994833048097
12293,1930717,4.099836678440278
2913,2411332,3.6180701103776474
14198,530588,3.6963382924290134
6315,1140255,3.775038493073624
6971,21705,3.7037025936635635
2569,720436,3.6410384497150083
14209,1445262,4.4444149951389
8512,837619,3.5185946291288452
1104,1522328,3.9859316684841968
17574,1990957,3.504264425968973
8596,507826,3.9598909917950538
442,627801,3.9399373131354523
8851,1293845,3.4450959711130276
16262,2140883,2.900294190135865
12355,2491575,2.2986943033145595
3590,1840368,3.089609238127195
15582,2432362,3.1973826360403947
15378,1502634,4.457307249109289
2028,2229960,3.198004124078243
12246,1969751,3.580336122009065
3355,1435361,4.325948664226018
12894,375341,3.4651674716832273
3084,1470420,3.3240082710928096
6291,1498236,3.267003267954189
12232,1111007,2.9405280474475117
2430,2305266,4.122913628723438
16082,1003201,3.1977988290717354
6110,408645,3.661614305136465
3893,611083,2.8647723594392946
12795,2591364,3.3179668374347506
14209,17189,3.94831030277557
11888,1609651,4.172384363413979
992,633722,4.914331775288572
15529,2257122,3.7483236502399264
722,1378126,4.085440271495577
305,1104417,2.5824182940527916
1123,515114,3.7689328708271037
13787,442555,3.0034926610778587
16286,741684,4.017208368182984
11888,2207633,3.8629797234695973
1615,1061268,3.172686392372128
4546,252207,3.761160724258135
5897,1366054,2.372064334016952
15496,240748,3.472466135302557
6190,790471,2.785149384424147
1901,184705,3.482169573322415
442,1437166,3.785509915112636
6234,2608940,2.981304008102696
2913,2475608,4.438782642347696
1983,510535,4.1415800368888345
8915,563447,3.5630092969267637
8915,970330,3.336689744280435
16788,2278535,3.419550241512179
11080,2073760,2.975718600454442
1305,806891,3.6645038107175525
1832,1097099,2.5799047881733923
7899,1963730,2.173279043709965
13199,862644,3.3358391939171868
7299,721036,3.3730276704609174
15582,1765193,4.0697801841057295
16784,2116966,4.013856200761099
43,218926,2.8434177548625406
5149,964244,3.1070195911776426
10889,1045879,3.3693454290864477
6482,1477732,4.1138432827813896
15582,754267,3.7540824159787016
7899,953382,3.7021595331402364
6971,323450,4.3195862830216685
12355,418970,3.3482620915552745
4640,1194057,4.168636270939095
5963,1125803,4.074791794634472
14209,2390609,3.2400637229193743
7991,1582098,4.210662780416
7991,128122,4.290059693969048
6408,44807,3.534309378232643
15657,1943826,4.180263524470138
6482,2263985,2.943019911397332
12355,2058629,2.710239320235538
15712,931232,2.010371301771629
3418,782920,3.1648194522711335
14470,1825866,1.867617761093011
13015,1709217,4.233803678592609
4640,465616,4.323557154221895
8166,2533515,3.6006416261447716
3290,1270144,3.8403829702955745
14185,1894519,4.440432843415493
14144,2595820,3.1904779100026985
13015,879487,4.160734401470985
10835,2118152,3.4771451683817616
2866,1359882,3.034668059542661
15409,2002198,3.3387388572206045
6988,2008298,3.1451992595387135
16770,1794216,2.783022776055687
1289,1838852,3.0891948230047914
15496,1791615,3.2813035325625837
13651,2543978,2.977407969189103
11182,1675194,2.7898627628005483
2755,2397231,3.688399136675098
12679,1079165,2.368168725361717
7145,1661344,4.122164444852564
13477,1654721,4.001034342699894
3824,485973,2.7481524632568006
7067,572087,2.6948480237016366
2043,2303393,3.8064957875102596
7445,1741099,4.956085958565446
14072,2535238,2.8215862492953017
1744,1179658,3.6669546478773594
14459,410857,3.910023824977872
12243,1866094,3.1918875921809655
14459,1666800,4.16793937113718
3151,822391,1.4641100606182513
11376,2489373,2.222445253532641
2640,1849541,3.4791943401327226
1104,2579163,3.8425083567279574
6911,1761042,2.9350235165025076
2913,1597776,4.517931236363422
10712,1829617,3.6163487422729346
6287,1226844,4.464266748708547
16770,53936,3.2453832245371004
14185,831988,3.3335840912130545
5577,133670,3.9254094294606263
12538,832928,2.6848575386555837
13748,1357793,3.024183550274038
13614,2305654,4.424165931908978
16869,281234,3.565459566918448
6334,620714,3.571973159006006
7544,544329,2.741069397376209
13636,2469986,3.484710719642578
6408,484675,2.9972458109531432
12661,1534345,3.591169575596457
5699,371300,3.52552182301269
507,2590515,3.724161484139594
15223,1681133,3.568762286081638
17334,1936750,2.9322563038221916
14185,1361614,4.1385310788465075
8596,200139,3.2607073681781897
12778,2143447,3.9052077199038537
9518,2413320,2.3085723630414527
4432,1962475,3.174089959428737
4640,1745577,5.0
14209,566842,3.338929194060668
3862,1287593,2.679385449755082
9481,1763788,3.5223034022261674
6190,1850620,2.542170981306189
11080,2584676,3.4070735465279918
1983,403915,3.020210892026779
16788,1319737,3.0385596629894054
11614,2385309,3.6391305485689776
10774,111693,3.416073946517194
11080,384710,3.4096117435488003
12246,375989,2.7790944594766516
13298,909926,3.557025458267354
13651,352684,2.7425466031889947
8915,625957,4.3015785851235515
1615,2302245,4.047058553227898
16286,707987,3.127057952226545
14457,1663295,3.2112354998345864
16788,1531269,3.5288334475095255
1213,1269877,4.017924627625541
11812,110472,4.340282071066615
6482,351037,3.619552514430417
1260,1729139,3.091714086931235
14203,1320774,3.5441910357477697
15160,2646115,3.246202458026078
14459,741587,3.6110564137898966
1406,1368442,2.6218984798964002
11673,500845,3.7531633133020947
395,980987,4.262592918722637
723,959443,4.161456242491641
11673,1799090,3.5172484242746465
14209,1494552,3.7160147610584775
7511,1215825,3.337070752380546
15409,2051554,3.094069983027504
11613,876083,3.7945393890077037
16127,1876520,1.2815127748193782
11340,690426,3.0213517233227885
14738,158197,2.9819903477281136
3824,562803,3.2148185081517657
3165,285031,3.6622409525797943
15160,77225,4.264342153837873
3274,1253980,3.9831666210114185
13651,511883,2.89117816576302
3613,1420308,3.9422995437676343
8107,458962,4.393789708675597
5897,175337,2.266603259587278
13787,2210857,2.5151786856276708
10721,716577,3.229584572785924
790,245519,3.287901086428621
4640,1395849,3.537849979367789
3151,1205700,4.312940615321876
10721,2269039,3.843328266052214
1851,2430041,3.0540340547149247
11237,2012563,4.532843998007191
13887,493587,3.577220063727707
16606,1083131,3.188193275397577
13748,2629660,2.8177968207372905
14185,1665270,4.448672821771753
5069,1788733,3.80869515252636
12293,1693002,4.765571129424227
11638,1809912,4.401157433074477
11182,181592,4.017026097720313
3151,2018945,3.315690950377346
4432,119624,3.2964711766030774
6541,1272379,1.1011247845414494
2528,491531,3.4240662356489766
154,1284016,2.072790710287279
13636,2415929,3.4528633916996325
2235,2541939,2.8966019774661227
10947,2646766,4.691876817143835
12280,2450433,3.8554335158195374
2518,835271,3.653748761069745
13632,1997020,2.343432813125043
6287,2099651,3.7406214185427653
17324,1349682,3.4504992591019947
16147,1649775,4.544500671568341
5025,1175759,3.67828525255758
14484,750617,3.807473356045479
5814,1859991,3.3944113481916482
11812,2548032,3.532781085887783
2757,711767,2.930314598455278
15223,2600739,2.5038294061068336
16707,1328996,3.52606605551292
2861,2480001,4.125419812136786
8384,1545850,4.1050917199722345
15234,15732,2.9275931170077243
14198,1155543,4.615434328783484
10109,335615,1.5753099411400853
2430,1120781,4.527064538363683
1744,1022653,3.524028190268206
5556,1452127,3.8681746682794804
15410,1054182,3.370248548110152
1615,2564688,3.8860659952113266
2660,17227,3.7167122689453347
15234,1637138,3.7458496631230265
16150,1155404,3.251033107808541
8526,1718159,4.342030289548552
10750,2158747,2.007060065030932
8107,1456657,3.8550024782262096
12232,2455042,3.9990387799562956
5651,1765862,3.5015548224224657
11182,1720068,2.972692250368571
14335,2442218,3.978460336418791
1256,1975681,4.10807971615386
9481,653361,3.5288187944978917
8166,547341,3.226424672522062
10734,174972,3.7115172386501123
17334,189814,3.1244948304789477
3285,2530263,4.57414028243867
16589,795380,2.3549118624040295
13451,404924,3.415672102333753
14185,1438269,4.814278574223824
10109,2197243,2.5070113368437585
12661,1067986,4.3457459258323645
15955,1182702,3.6569628387419386
3151,1501943,2.9080344257649378
13783,1769444,4.154975678370535
10947,1697790,3.814364592594485
13015,678518,3.62896078018926
11080,2138296,2.257414649822663
2601,17421,3.817393745598785
5656,1591572,3.4451939541939445
5814,2128386,3.113767985995341
15582,962224,4.324089338820187
10080,2124083,4.7921286679880195
4640,2410362,4.333813631503617
1134,789014,2.81699414957793
4849,1361661,4.016207120130461
1901,20814,3.2458924581708803
1615,21983,3.304401239849462
636,1271040,3.8976970039821373
10921,1157143,3.5308061759365073
2290,2135073,4.289234304980205
14144,976534,2.7490794812208805
4640,735346,3.9163796406876856
10947,745238,4.363335264538572
6523,579352,2.7215764645421627
3944,956378,2.521839198420181
7518,1073300,2.761656871395539
11613,191666,3.817385441971947
11638,765869,3.599727194512759
7067,566017,3.688771911566584
10921,2011258,3.3923177630082995
10082,136058,3.0599166221415772
17411,248151,3.4931227700107064
4061,1057992,2.7401401798063194
12661,841782,4.3588814394885
3824,868680,4.5314786762326715
6919,251967,2.9269793955753816
17174,640098,3.02189851529997
2954,164136,4.004971274084
12482,747035,3.4474989832565077
6287,1556831,2.4565847764606934
9728,746775,3.5804254744651245
5425,73103,3.4110144452592515
156,805082,3.1605999857312943
5327,1552828,3.319271240181805
15662,35824,3.603309776337197
4432,2109208,3.780362298101356
8915,995935,4.442820223791613
12778,2544430,4.080630562039922
3253,2145575,3.3311030940644675
10662,1939956,4.092779043495072
5727,2238629,2.5977067877532174
1832,1578807,2.6879807038084658
5963,238740,3.6349282531703597
13636,4576,3.290501836768083
3541,326502,4.5273068343396945
4847,1440607,4.10927260528419
16444,549619,3.400786591502729
16344,1653052,3.659936330780097
11812,876083,3.8743777254075624
1803,1273979,3.112860721006218
17522,1501056,3.2816396153223746
5562,2482831,3.9266231754795604
4966,2188443,2.8250812095827693
14712,1862805,3.405016722638997
8825,1664010,4.455378547651086
13298,289162,3.556334670250394
15223,1534700,2.9029963476411713
6287,2558445,4.012540028517241
361,411537,3.694360639109786
15496,487471,3.376571781632904
14484,1563534,3.5205660914850148
9728,1223273,4.05367010308263
4189,1519378,3.05217510985338
13015,1245143,3.7311617437988183
14198,2236554,3.3179095445500364
7939,768309,2.2887404552142963
3638,110308,4.2889839104754195
5760,714664,5.0
3742,1259083,4.505262106931929
15712,1133199,2.202996666226656
15532,2162603,3.1018690577942722
17324,169683,3.12632351411412
2251,849748,3.296893264644211
11775,1925969,3.7224855206831364
5727,1511575,3.5630858562380685
14144,2054186,4.5057164749807175
2731,358297,3.6623516804137024
15409,654019,3.3866831669768356
14983,66187,3.1991759464595098
9805,1671330,3.3977701726240093
14459,151136,3.7330266335582487
10428,1678434,4.137094150709305
4432,787598,3.637915460583379
1615,2404693,3.6003616605993587
4005,984584,2.5928634491159928
14457,963663,4.904984192942088
12355,778615,2.9633095347754037
15582,1483121,2.6345103042579963
9043,2352094,3.3972030148415246
10747,1285227,3.3560663494867344
16707,1589963,4.0197561918744675
15741,1519378,2.528375856395323
8596,513187,5.0
5760,1485835,4.94160965027522
1289,2366462,3.318029808864429
16082,491623,3.9954407515836494
6014,1649513,2.650422706016948
17411,1681299,3.1712160295466765
13686,659526,4.064572221818006
16784,236160,2.7026341175001845
722,1557557,3.238016220840195
13519,129796,3.3344425877072443
3135,22718,3.4635127861217545
6110,2312227,3.615146883172259
4432,2577867,3.147170197879311
6482,2233086,3.3580872053659365
15929,793082,3.0046536134982462
305,2129787,4.059236835203146
2430,1509395,3.664427836940688
305,2256485,2.6083477161664317
10926,397212,3.355329095053825
15741,1718527,2.096984737598405
12497,1279821,3.5297477244459805
11496,2006505,2.5862315335935104
15955,125713,3.235365741376254
4122,1793809,3.131918628842975
3274,1836777,3.7133216357499577
3151,2480084,3.8479330626667427
2905,2084966,3.465105210439341
9728,1303158,4.241897352114444
7238,1003874,3.589573233055397
15246,2599223,4.425221459913533
12180,716173,4.545415892175506
13887,471001,3.914865538494176
8384,1811425,3.047354987884178
5760,2397057,3.716145985210002
14469,1486829,2.623189585879192
3538,477892,3.327274117809518
11182,1511593,3.433420597381243
2756,1098510,3.93774439590233
2755,1755534,4.098120636878618
2104,2078202,2.8647301522928275
16948,455962,3.326836467534586
6971,1753201,3.7245598442843098
4432,2503089,3.283975855676886
2528,2274193,4.137558421779605
1425,2079983,3.226813410756367
1488,1608091,2.687839009432903
2731,2622098,2.775285623934148
9728,1655003,3.1355295910891177
12778,2307374,3.825051214357257
13107,371074,3.5584838976370268
10082,1621754,1.9798654542106724
6287,1839542,2.8147636444776083
3147,1339423,3.2682290962664315
5069,465885,3.3792193958669614
2342,1974267,3.6708577429041354
4207,1007577,3.909252739331616
1615,1251992,3.716181896338491
11888,2437901,3.2784193495468603
14712,1111312,3.242200294259446
8121,1121725,2.333873572774735
1832,663118,2.1294374960941167
16344,36581,3.4803049790777365
3903,1397022,3.6337796907046354
11888,487759,3.8423065968970636
3151,1695809,4.145891401002797
13614,1409989,4.283939000881923
12133,91638,2.119654040882564
15816,1688256,4.743905808267293
1202,2237950,4.0007365034987314
16606,2057375,2.7969570024167556
5025,2098963,3.640493019600586
14209,2406895,3.6226800680929863
13154,478176,3.1170951125418838
8596,2601416,4.914004383396758
13787,134972,2.8672190265454858
12824,574499,4.730688011812796
11837,1000387,3.023618838758883
14712,2232853,4.018912135212239
10712,2569115,3.0490432330545256
14407,936396,3.2449151398310825
12778,100712,3.044294659749561
13614,122524,3.1188696413988035
14496,208435,4.5909794119829765
3538,554192,3.5279935401919147
8678,1425680,2.596622616797538
1803,1280053,2.954970811869806
15246,1939632,3.2203822761991847
16788,936093,3.7642932239743323
6556,1253043,3.829093843441068
5651,1517010,3.0805845879973264
5897,2281685,3.7817154047275743
2342,2407866,4.1997300255377645
16889,309333,3.7557398616980864
15712,2409746,4.015575385376257
11837,866430,3.3113124919748316
6756,1560219,3.4230243704037266
6666,2580300,3.472448545823542
3355,2150689,3.492060524537351
2660,258319,4.025731636004432
16147,2216150,4.205427024561476
5814,128792,3.5357400203213425
2460,2620858,3.175780571966559
8596,563264,4.102091616000323
4876,1446845,4.151392761344281
16670,785992,3.7099415118190033
3285,412805,3.6267317801337464
1406,921255,2.9876687325955174
5727,2201157,3.192639995689177
9728,2145288,4.0972892175221
5799,1004790,3.787505166112569
5963,223488,3.7500031655366834
1406,2304078,3.8119619695605564
1893,1612901,3.462714734117658
16707,2647406,3.8400716098847885
4586,1480807,3.3583891020058294
6971,1917657,4.042898360334806
3893,385136,3.89760815650565
2528,2535512,3.2768238448597016
3232,1110156,3.5619776198011293
2290,1215709,5.0
3290,1007057,4.234258510049563
10947,1889106,4.35499312521853
2430,2284673,3.5629575347229183
4932,1096854,3.8011249050102385
15657,906675,3.5982868300862836
11613,1135154,3.573806623612103
15816,646427,3.1512956360003948
10109,1573228,1.9097725139163737
8107,2193995,4.005920009943315
6281,599407,3.6067249076268904
2667,1778599,2.1099328436739886
6336,2482256,3.4840182719496244
10747,1600592,4.323209367228819
9517,779635,2.941812186524682
2430,182016,4.086349753812861
5607,2262335,2.985730793682234
1983,1430587,3.9588221734675173
361,2096145,3.3689881258053367
11638,1132514,3.3528257936494166
2660,1550208,3.89900696576705
7511,1282557,3.628749237251271
9043,721577,3.5943106375293263
2528,1876208,2.9016502942027333
4563,1302375,3.0483269962577864
15582,1421792,3.6175015510952004
8107,566460,3.9783025712599276
11837,146851,1.6657462322416439
10712,1968107,4.396466539487792
13828,237263,1.484103936578446
2544,2592889,3.3054096608807155
681,2637251,3.6590385005029775
10429,914508,3.248650452069379
14283,743598,3.059260818312833
16707,1479207,3.7058469147378608
12280,1777917,3.4017355838418024
3274,660821,3.143190303606334
17324,2501054,3.3469286259928546
6347,1515877,2.821637121813802
12497,2349412,2.6893425335023426
7511,98387,3.59466762782423
10921,2260612,2.6764617396598624
8851,1220185,3.8402226898979483
12503,2188435,3.7370891326213735
1202,1061195,5.0
6287,1882738,4.075573294354654
14096,1001299,3.547074129131543
8915,52191,3.7477172911673446
4876,1695799,2.9073733618529243
12497,982026,2.707042569075152
6988,1833866,2.6475048146556777
8163,2288907,3.656738183886375
14716,1377943,3.775388447627426
1305,349295,3.522548985981253
5069,738964,3.7322249722673844
1615,2059141,4.520407036670877
6291,2124788,3.5219757016058786
5814,2389367,3.329362955915834
17558,339616,3.998377175170965
6336,1384691,3.426039625774285
13059,1114339,1.8864788603793352
10080,1575065,4.539191817402164
12497,1579906,2.610857717006576
16788,1811452,2.9392672040545635
5327,2225399,3.2429560864701337
15582,1661271,1.380142080354995
722,1020688,4.474460859937157
13748,2001447,4.457197222958236
8107,180537,3.607410359203811
10712,580231,1.8996579494979504
9518,349572,2.631293789118388
5651,2502499,2.894605511984384
14720,1727342,4.202836866205889
10686,1056827,3.9188933445818037
3151,2334626,2.9624786313947444
16770,571538,3.0139858617147466
14144,752853,3.6943062815501015
4432,2338809,4.363385640168177
11182,1444177,4.089006854936874
6334,606144,2.8748467140692853
12355,534993,3.2577962200017874
4640,2626336,3.7518857517253017
8915,1752463,3.797624627069406
16082,1795018,4.136811885303192
15712,1823915,2.852897312656311
1615,1042086,3.8490209295306785
11837,1229372,3.391370588574329
11463,667526,2.5099676205039483
11158,1670875,3.544474340363723
10846,1319012,3.8695930961549787
6971,2334859,4.070295502025063
11829,511728,3.6030099556577992
11236,607775,3.6294018113468374
10662,1131917,4.29784188074721
7569,518137,4.033444215909559
6971,2155100,5.0
6347,2540945,3.3678728269040525
12292,2234845,4.059640503290383
6448,2486445,3.6341990298086975
11812,784707,4.224144524128774
10947,1505821,4.242352959944155
14199,1423668,3.8219861634744925
5827,1961542,3.1320879454222768
12355,23354,3.1543720172292584
16948,412221,3.7257333663817054
9237,1876520,1.2862992138700304
3541,980292,3.3677686397705036
10947,795380,3.6475250820164824
1092,1171232,3.2975112403842664
15962,983389,3.52972624189311
16555,2538567,3.733059636667656
851,2534367,3.6226452109864766
6190,1979787,2.997647917544706
12243,969239,3.493266353106333
15836,1083037,4.990544203885789
6971,550128,4.52912510853561
111,123713,4.5281352592367465
1668,2305266,3.088331979004461
10774,296232,3.6796625351292067
10429,1265312,4.023963328001512
4943,1123324,2.918910778367786
13651,1682531,4.358480439438915
15712,2525813,3.2897943828442497
1202,2563721,3.815376456675891
17358,187251,3.1582489484058365
7511,101123,4.416736113517029
1803,843971,2.901292599672285
3418,2387212,3.707300856998728
28,95100,3.643931658174898
16902,728171,3.4076387586850156
14248,1011318,2.436205111193928
16707,2478777,3.391742150614305
4405,1667019,3.481996586929944
12184,2461433,3.795781854666867
1615,1135154,3.8489084643287264
8703,1229628,2.7347325073276156
4432,680897,3.6090931679829676
12293,1885268,5.0
6190,1291419,2.8710920967763527
17334,323241,4.75909258113487
16150,1542691,3.1792806738770207
10080,2449788,4.187714722485738
14407,1400085,3.854474218146093
10747,2455281,3.0241294137904715
4432,139006,3.9465188238478333
13565,465436,3.0048314666829326
10747,1145939,3.696492329588929
8596,966983,4.231362710529112
1406,2491429,3.495859585936239
3541,1135038,2.9420494222249243
7899,1299298,3.455790627233691
14407,1100863,3.7836181325820193
6287,2327355,3.2787854803082745
10889,2279562,4.047773523534508
5943,2077046,3.28218482339556
6971,646765,3.073955876547726
2251,1400154,1.891614788051136
10019,1754146,3.952591923362045
17558,1251910,3.3359113131167453
13636,1712930,4.271741757198415
13614,491769,4.211439549432995
1046,1279971,3.017579517487839
5025,1517627,3.93685548277
4943,1456657,3.395778720979889
4569,2020448,3.059771077744298
2660,967062,2.4790418277991533
16286,2245965,3.4709811427525703
6556,1048813,3.119527428198907
17104,1362091,3.1296075667926684
16247,1259374,3.571458004938524
10428,1368422,3.3972043647101327
16606,978104,2.450120675864269
10774,573473,3.5129549255830845
2375,1443700,3.223767950489547
5157,2502100,3.700468153445894
1832,816942,2.5307477159233622
11376,1280120,3.5505692504553497
8915,754349,4.318441047730061
13887,1959760,3.9237062353539005
1832,2282019,3.9459379991808143
13887,1123549,3.291483370917604
5958,2504147,3.9855095871553385
11638,16558,3.786376869192903
5069,2118659,3.176586620387705
11182,1267586,3.6640366786212084
5656,514787,4.115276523664445
14072,460446,3.5218671947236673
2660,959714,4.33560089662083
9728,621274,3.937296600276336
13614,970684,3.127287398564978
16707,2398509,3.01804500222557
4876,1043112,2.9870854442147006
6347,1829594,2.7134011538158402
15955,798248,4.07478061689574
12778,1322957,3.530491561043094
6287,1042368,3.004361027698101
2518,598877,3.5538440715371835
16606,178645,3.2207689240644903
12355,37188,2.7500615557286134
17324,1314869,3.7407033341807376
10712,2045846,3.0534181055998584
1744,2534672,3.8870828629447973
6408,1843168,3.71625908441428
8526,1035300,3.5724230668424144
3638,1121577,3.467382996416572
16741,855933,1.835799619544623
13887,1099506,3.2188015842327355
5656,2205594,3.3515905489067332
12948,1671330,3.2521898143894084
8596,1136132,4.560592127996702
3587,2416829,3.780045015381347
13636,2121765,2.8504872509752013
14137,1473595,1.785279175225615
12293,106592,3.9235900487949884
13328,1483852,3.517831838922534
17358,2450433,3.1579950740654708
11837,1822877,3.157555983555058
10774,360737,4.52315901138127
1983,67900,2.3598663417005525
5814,1346081,2.650241969753442
3914,1906808,4.116579727185326
443,410206,3.65723511849528
9131,1412844,3.8499377348624404
13636,517486,3.5320844606944917
6315,550802,4.735335804343725
3165,922332,3.5179795922057946
4385,859350,3.4874926217980344
16147,1492162,4.851301046447419
13328,104462,3.212857674541238
6347,2043149,2.9473650425800497
17174,2515736,4.34362059939739
6287,542848,4.440728082426762
7186,192869,3.7409636148081837
2430,1482921,4.613941352704166
15496,1820550,3.3710225898984327
13614,22709,5.0
7919,2580969,3.3349773899955735
12778,1780593,4.579137971247438
10662,2162539,3.9455257145841607
10835,701730,2.419115620590585
12497,222381,4.1648367783884215
6408,239569,4.130135581358507
1104,1172232,2.5860126418598237
4207,1343107,4.111334141951206
3824,1370144,3.62986990996905
305,1437166,3.2847145074015627
16286,1889224,4.044851132526982
14203,1129737,3.4813454457188073
2660,1515495,4.33963958640646
15662,196846,4.459108416570976
636,2452367,3.0730322583961884
13823,1369078,2.681606161877747
10734,19106,3.9697549014807887
1615,2349702,3.8896050642184337
14808,1455446,3.133262040779783
7776,2442531,3.1002438462362054
3151,752492,4.589398100389115
14457,2602396,2.565177101075081
2866,1980314,3.9731166352760137
3274,624610,4.7587071178272025
3237,284823,2.9254896786332605
3638,2408422,3.7728778199226882
9617,1534317,3.124100377318082
3274,1849872,3.1279598400721498
3326,931232,2.130215533171866
3890,295928,1.7548482848114648
15816,2614568,4.185217398661512
5069,1013603,4.826666710854708
5562,1163442,3.820643674131384
6408,2108102,2.9660831896843662
13298,252124,2.621172981431614
3232,953667,4.00969714874157
6748,97578,2.2126268636789335
12661,98676,2.8760382964675046
15582,586835,3.442756737789224
9689,679084,3.908771959216098
2235,710207,2.484969773617037
12280,2068022,3.869929094624887
8512,851211,3.5078471759423016
14203,1838390,2.4720244268694205
10712,562542,3.112635941902895
3147,446309,4.2400654145621
16606,660821,3.136598036219353
6482,409343,4.243290918778792
14648,1258916,3.5941013766990086
12336,284180,4.706396580294712
5327,948447,3.263387338622133
9689,1977244,4.436880354127463
17574,667911,2.023780990764921
10429,1755092,3.8969647691370994
1046,1894306,4.087517628660079
3944,875956,4.021729098325998
6308,962837,2.8629259969425935
722,2276130,3.83059890828039
5562,1624150,3.41641366566392
12391,779144,2.505313294366978
2913,1799940,3.649939502568442
8677,2455503,3.0077523156240185
15576,766489,3.588747915383105
9617,897304,3.058543445097449
7524,743598,1.841037763991928
2518,1469447,3.0102978182959004
9728,618778,3.4897625033552595
14407,1534085,3.8087596606589185
15529,970561,3.7960675999621714
4847,1844046,4.321639416063614
15712,1496291,3.2997070461087903
10109,1477154,3.6214138124381745
2861,1225682,3.656285017725751
17561,1961021,3.1808455225454058
8851,862790,3.4374382957602214
9337,1801483,3.7168320972932825
6287,472452,3.957686659730686
4264,1037245,3.059341057869382
17558,2338545,3.3654253854582437
8596,1069273,3.958317603717034
8107,350009,5.0
12538,1236105,3.7165714185270162
4546,139852,3.152115509439967
2755,1806446,3.322503475300544
3232,2316326,3.8689392839410193
13565,2223102,2.7071837504306244
9310,1279012,2.9592077172397686
6408,359063,3.5030722989559173
6911,702085,3.290547942703902
1046,1784323,4.135126369332544
17324,2616878,3.921702083950196
4876,701678,4.064623922711866
10747,1611752,3.6425890288318543
12894,378033,3.226114131753316
7991,334185,2.764736216881379
5327,2223604,3.0622489521648664
7625,184705,3.631261711749368
3274,1970653,4.457587914462961
14198,1407028,3.2644133060333376
1100,2213137,1.5172658018643372
6131,2340228,3.962833304743136
14712,1881328,2.1950243024627434
15657,749353,3.2295849618925763
11812,1686270,3.927459683872352
3541,608149,4.213215470072883
10428,2243707,4.103923007868153
443,2015780,4.2879339097147104
12280,1675680,3.3639489919084133
6347,125307,3.8312886946777236
11837,950967,3.3388734189213825
14203,2569144,3.1334028268204044
6085,2089599,1.7191828149896669
13107,1065658,4.0410171860934
5327,858841,2.834492089775731
3824,2543231,3.3181895881200894
12639,2000004,4.011323815345438
2342,307505,4.23240912244021
1803,2572565,3.999648253017833
17574,1574264,3.5984676713438657
6482,1951560,3.6300866032696604
14198,1791594,3.9562069224541254
4432,2594016,3.114695610838712
12170,2127497,3.3069046707762513
15576,1141511,4.064880498434979
3862,2450942,2.344691364566246
7238,1939074,3.688285788891913
8526,2502112,3.170134641451175
13887,1351821,3.9174092674155863
14088,2340200,3.6093063337134828
4429,1776870,1.8910887585304603
1406,1144520,3.866273698183732
7524,1262329,3.583860758948618
15529,2007970,3.2121585456698685
15160,1635708,4.300323954207856
7511,991497,4.162769064714151
9728,1880751,3.9103616889436226
14712,1567328,3.239945134680324
3054,1240794,3.2126048926705817
4432,2147894,2.5221077154101925
5342,458766,2.851726323658511
1744,1319997,3.5018417299459226
12778,456920,4.361087753788783
5656,2163169,3.2670147206248825
48,2380866,3.7311533470385574
1901,525679,3.583802904118123
4207,1483654,3.011290600216747
6482,2152492,2.887698136463516
1744,338416,3.2285506572596505
3290,1001912,4.338322146380629
3290,1425899,4.30453067273214
636,167586,3.3178061428393826
11025,539631,3.6902328482492432
2168,747497,3.984025119965672
10429,1903324,2.525737213774419
16153,2352804,3.492108731074391
11888,761430,4.6648857087690905
361,872408,3.0232157683139116
3638,2178055,3.568835876100415
14716,107909,2.740182005228659
14484,2287036,3.4278140501484806
4761,751283,4.713017657640347
1615,1482288,2.912134252267371
17358,758133,3.139148052935381
15557,1361167,4.524219599231614
5897,1766191,2.6067805164306868
3538,2569044,4.2250885696602145
13636,2604699,3.545073860575589
15557,2154287,4.202639223061991
4586,1892942,3.4944793978876914
6336,2254751,3.7902588159941706
10024,1606615,2.766420503199219
6482,27318,4.864151510444012
10947,2263378,4.246884544934805
723,2035438,3.1883618820220976
10947,975592,4.37374593388064
5727,1397082,3.0949951816606465
7571,1037705,3.6644716679252305
14484,562411,3.7098900028615183
3253,561321,3.1645643870313487
11376,341541,3.398618960099063
3824,1986816,3.2750638697256536
7991,269689,3.1149031237940585
1744,2426498,4.223031929338407
2212,682970,3.3144470541776005
12243,2360767,3.266846682716136
4432,1373951,4.111270055484097
16869,18907,2.864419253778135
15409,2494005,3.684777514403871
2866,892472,2.897227826848942
11775,774606,2.680939858517403
12284,2439493,1.2108636354326237
10921,2562858,2.700397110147322
14137,542006,3.8274374103936655
7147,903666,3.909430975716109
16252,1220170,3.774697176455301
4238,2066003,4.302197422122378
15152,1950604,3.747180877695355
8384,2147545,2.8374842824057107
12538,1564649,3.955341027391089
16344,290182,2.7581028993360217
12243,987736,2.8663178300460768
13015,1288105,3.998826923609284
10429,1471251,4.6465320992571995
17174,1338247,3.2291117288575704
12184,2166365,4.387383205163419
5069,2319282,3.4182057402004093
9324,761782,4.380088094150306
7511,2481333,3.23307401133448
5727,777762,3.7056290897716004
2755,1978543,3.3979936303417513
7418,2601274,1.4101053874922012
5943,2374726,3.552611262489506
11613,1753560,3.1350510347514393
14088,371750,4.0603471922515535
8384,2577867,2.602825329080193
15122,1851989,3.1208609223572013
4627,2266083,3.965960728176273
11003,1798943,3.826677463703019
12280,2106971,3.720670907929269
11613,1683667,3.895994220061686
16082,464095,3.0926395818608827
4640,2053334,3.8357564209556845
9689,2297074,3.6636035206420114
16169,732879,3.959736731784956
4849,2307952,3.818958767067074
2430,1318303,4.1252543350406805
3541,1903717,4.294205846068425
6482,722833,4.139739709076684
4432,90281,4.562368349833184
2290,1378970,3.9546983053029647
10947,504865,4.105407987159511
2913,461065,4.35053450714894
10846,2515812,2.9495857856142895
9681,477133,2.9108704409256223
12170,2522148,3.0714703173698332
8023,16272,1.7181086076023742
28,1669420,3.6493820560997348
3538,1305946,2.938398446126177
15496,524907,3.3296804399710433
361,1606487,3.8935552977554106
13326,931384,3.3294825789142584
11638,1206803,3.5428293875110026
15820,2049931,2.7592446739165957
15234,183880,3.9545836157132226
11812,1175759,4.263537846445354
3890,1536419,2.367081901640569
6315,2079036,2.7401398740264216
12661,1432772,4.127035626306242
2675,2114250,3.3336801137193723
6971,2374631,3.3376975250897583
8493,599480,3.3210685575759338
851,1013375,4.65243432496413
11088,191666,4.72001357990465
5069,562540,3.2002126386237477
13107,105421,4.1775248951893795
14459,1878354,3.553005430156154
3890,895096,2.303608466517018
6110,865499,3.587527223710589
5149,1626390,3.6877595525968165
5327,1681133,4.102010974885604
13614,1842734,4.263426173927134
12232,663646,4.274909407372105
1803,2226046,3.026693638645064
15153,900096,3.9102592422892037
11673,900357,2.801275796115577
6014,1460653,2.844053961448327
1123,1196163,4.657503901079681
3151,1343679,3.2963505036374934
8162,1932348,3.6410168013785573
4586,1400108,3.314643995424773
7899,118213,2.6094399618637882
1406,506346,3.4475979145899776
14013,923517,4.387726981911557
11213,2297136,2.7868117472399994
17324,479035,4.575533303888097
6988,1053603,3.7522816754587307
6336,2201483,3.777200337934059
10219,2315012,1.085224937569242
3165,1977655,3.8568799194279686
4640,176934,3.966743069238351
13787,515357,2.945920075778361
11025,280280,2.7316530963090835
2640,1557705,3.5974002474495843
15409,2573701,2.881408495162138
636,2463585,2.89492168318292
14198,1635381,3.7164488500977004
2955,552739,4.427633275910016
12275,2223273,3.122396177375676
4385,1932594,2.3212319658142335
8596,1459099,3.792989184714109
9689,2456062,4.1696911855896985
17174,310799,3.8546103169876003
6482,57565,3.4344723802107784
14137,511847,1.9028593684958772
3326,2595747,3.549036925094595
17085,2508260,4.522883808795599
1289,1707320,3.3571236848885335
9043,1177875,3.3423847588333637
8428,2226098,4.44175175444144
3928,1354742,4.07455083966845
16982,569989,3.297817788571068
17203,923084,2.582811757227113
11307,356103,3.9404334247758745
13604,2619337,3.2778002645600233
9817,1664010,4.122934049704465
9528,649226,4.2738501955098025
16733,1872933,3.35676611420831
7812,1769109,4.204232149190345
9202,2315691,2.9751824060453598
13328,2167071,3.6189917331003656
3903,489962,2.9342949248455716
3165,2401140,3.297495213546343
11182,979424,4.14163107754603
5727,2396038,3.924667001825117
1901,1626727,3.2020762514951246
15409,40112,3.293013049268429
6971,1829748,3.1894221360415607
6988,2393981,2.5928017704706106
10947,1220079,4.277496664241914
6287,2293175,2.701148007139488
8493,1658491,3.9867586445818546
12661,567198,2.5988760056714595
7067,332466,3.358037491348644
1046,1650704,3.0514132796300997
156,2429925,4.754929269716039
930,2467814,3.3586311636788246
7067,2148675,3.9778673262635404
16788,2363863,3.283665175671675
13015,306286,3.158796258864924
7067,2204563,1.4986784421703416
8596,2631668,3.8558807441973855
13614,2044772,3.923142603969632
16147,1487730,4.946532287365366
14144,546994,3.7664943400456767
2532,1846965,3.7565684802043346
17561,765306,3.5628765702271625
16707,328212,3.5452116344484974
11021,1157824,3.5672394015034463
2512,958803,3.6949873963832003
9043,119727,2.9751386265008417
6482,353820,3.5465115991551985
6408,1768462,3.6030682646400556
2866,2169283,3.0459223402778575
305,1824459,3.8572362002719247
2913,1335998,4.492671686897792
15449,1938258,4.045762533585805
7145,588953,3.8222895081520476
7569,2205759,3.8643785958189207
15662,2531111,3.9411414270730685
361,1832810,5.0
1832,65860,3.4538358225534673
6287,1637804,3.47999011737562
3955,1370564,3.6392596858250235
5814,1394516,2.572944301605018
14738,1877590,4.517184042615715
5149,841432,3.6230107536977854
9186,794999,3.948674275951111
11888,2597077,3.2960576609655483
13680,692831,2.568051394038898
4640,1232353,4.0146166823515514
15246,1821073,3.1997965534336217
17574,1053871,3.012330680864227
2660,914861,3.759130316238614
11025,1602153,3.414352423926446
156,519965,2.556330010169916
6523,1586184,3.190527753179397
15712,2000256,2.9648229277825324
2418,289993,3.2826884150403037
5727,2246248,4.371232815672445
5727,945089,4.111208923733023
10082,241607,2.38688495608094
10851,2360244,4.449457323969138
13055,1493361,4.191850927847192
7257,313694,3.123911622400277
6085,1282507,3.560007042778187
11851,1372635,4.382222271052553
16082,1021583,3.7645706634740295
6971,599592,3.620288326923599
13270,109079,3.0449909266748922
10947,474700,4.541128077857789
2866,1340377,2.6981970102983666
2988,722936,2.99193760869293
5562,953002,3.7173470096017067
13636,69368,4.562919894631819
3824,2009801,4.312056298688656
4640,1899031,4.057472419905772
1848,428831,1.2140817738802951
16169,867960,3.495934543880639
12243,2108527,3.4269344396792487
4847,671869,4.466170101649873
10077,1037245,3.9268015083549987
14144,2045348,3.867455008389674
11851,883478,2.704405581914137
8526,1951900,4.611654823174618
1406,1761955,3.228420034500028
15955,261976,3.2494095369551292
3740,1886585,2.9309610312411913
17334,85960,2.3006603440625577
9481,1745870,4.029666625966618
2504,525356,1.8614111967365687
1305,1271960,3.23290032201476
127,2174801,1.7761116384986138
1046,2540698,3.000981223667561
17411,949256,3.385576774193471
6287,2297654,3.9536481624850155
8107,56790,3.4272503626718103
7511,1685548,2.7161095737340744
17574,850292,3.607620940534137
5149,1060057,3.6791401084578568
3538,547130,3.8687855957687973
17174,2199258,4.211853759939135
2116,1470113,2.0785166655125176
5814,1476635,2.381845056510348
15532,439970,2.960582334351862
16147,1480235,4.188174663355297
4346,409565,2.596627934116426
127,2118461,4.141664659130416
15582,79524,3.3256410052716747
15662,1761229,3.8623475925275668
16169,204011,3.9619387372251214
13477,2190100,3.2397561612986774
5149,904803,3.6209295892662836
14484,347732,3.1892293311200834
3326,991964,3.2306970357955467
6988,2584252,3.4674655367491423
3107,1226073,3.8020322066411745
15568,1169855,3.8747649223869165
16948,2492994,3.5700655718145873
2675,2174688,1.8666064471621495
14317,386418,3.009254193648366
8493,1025642,3.2883263074886973
14185,93769,3.4022697394073957
2794,2420748,3.396309518557676
14203,780850,1.7486757113248617
7511,584437,3.8321594690297895
5607,662124,4.356559843480324
6756,1819034,4.682919819514793
443,682963,3.483568874551497
14137,1893577,3.139239688399857
636,2554058,4.663308257310071
16286,2260788,3.416965439807989
1832,59397,3.637201118620949
10947,1380302,4.44450857465507
3418,177770,3.5551754785265866
4849,583875,3.534825930053867
15741,1090765,2.953203550001155
10429,1782465,2.600774293884339
8915,1892187,3.5960190230555207
13858,1340936,3.384688903511508
15378,753596,2.6086883240865557
14198,1720130,3.9034588624215667
4432,1032784,3.2128009639881583
1924,1990616,1.989232634802294
14198,2291422,4.099521640635709
3955,2568773,3.562028533585219
10429,2204444,3.172502978388797
14185,826696,3.8017037841845465
4042,835265,2.253615520552482
2430,746270,4.373982404051297
1615,35017,3.7029975312896886
16707,1331957,3.8178954429744736
12639,225381,4.070184550295239
14137,759289,1.8494242369763634
16572,1792064,3.8386573104973696
14144,742999,3.7773347022168817
15582,2375988,3.53783349867958
13519,614812,2.965521960269584
14209,2392051,3.5738726421547176
10662,141920,4.544322604597465
6911,2171089,3.4774069266245453
851,755921,3.801893662840633
443,842431,3.736190089836586
10774,2030708,2.5359602341432548
3290,1288835,2.840205731682808
2290,723631,3.8485050217576147
6556,936093,3.9733121432355416
11496,1181784,1.8042267691303184
15246,2401006,4.3544132743946955
8596,1011282,4.744520187177374
6347,1797419,3.3787960566041653
3290,2548453,4.674360053125291
16147,435429,4.844705488478822
5149,1508976,2.7533666134008854
3274,1335582,3.8130722750304225
4847,1280428,3.6569182994910494
7145,239928,3.852267074327626
17338,1326360,3.2356475132129483
12355,1386516,2.5857967619930826
1289,151871,2.0083184639937395
10428,823666,3.666566579789389
4586,2440674,3.3129934100333682
15378,2133714,1.7016669725187394
14712,1232914,3.278092103034486
3418,1749637,4.005293891754684
7511,622742,4.3738948518830485
15568,2374726,4.286082588314116
1482,2517870,3.7521339133769707
5963,748592,3.491842146547484
4761,1718042,3.3407157844251447
4640,730628,4.279533407728109
11673,935439,3.9895060095975383
2290,1818833,4.41327435974523
2660,1316230,4.4168675087516815
8678,2497411,4.702097206400873
2913,1061353,4.198408948080628
14185,680928,4.24272238629912
1983,1786581,2.9528029159274993
1305,1137642,4.142409444963844
1289,1417435,2.117573276334902
7511,2281685,4.188299749973607
1202,1655851,3.4612968719414656
15529,2289197,2.584813129380052
11614,2136526,3.273196009570346
12497,1538616,2.793303987934326
16286,2349571,3.8454518714089803
4852,81010,2.8831396500620174
9798,2051379,2.799749314456551
12293,2109208,3.9911185888242566
11888,1013756,3.387358093233606
1425,1834546,3.236641521291757
8384,784007,2.10426536144377
13835,1431356,4.409639402599165
1744,998236,3.7657791191576124
10947,2082428,4.637577422945083
9481,551743,3.237773102822982
5727,1743381,3.1224116002499778
28,567298,3.7422766502477276
1256,963705,4.611377118685864
10889,1928574,4.399741878900605
3541,1866323,2.455398594348433
3253,1348456,2.733974123503441
15449,1501018,3.016637279325422
5970,436122,3.317060363731567
14203,2284673,2.734323874325751
6971,1380250,3.9810984417060826
3290,982888,4.598737996894768
14137,81922,1.9927376634573661
4432,2077101,3.4311742618889056
5727,1505182,3.4651400771813354
4847,1294652,3.5398883686504936
4849,2522919,3.9578017744486442
15830,646757,3.2068654976521342
13787,1667739,4.356871112126733
7186,740515,3.962097697369852
16147,1599855,4.295361483458469
28,313962,3.6539787139753233
9528,1918794,3.7070733265325293
3355,2355968,3.3029177508480236
1853,1552183,3.3317465661861867
13614,364764,3.950992570455212
16784,1670875,4.036578101812846
13614,1388216,4.440287455565733
8526,1967891,4.025355616371703
11638,1910107,3.359924611938335
5474,1729432,1.9319681146812615
4432,950003,3.726366237583915
10947,1685829,3.652710733004602
1202,1139290,3.8753493228758047
2251,2285967,3.2822603478126338
9528,2556008,3.616432795861423
6287,922345,3.497944531009354
15557,465717,4.931648477518312
17574,458143,4.136589214533251
5025,2126379,4.686381835577622
17324,515313,3.4035032486110817
